[
    {
        "name": "yeamin hossain",
        "e-mail": "yeamin1998@gmail.com",
        "username": "yeamin",
        "password": "@12345678",
        "gender": "Male",
        "peraddress": "bangladesh",
        "paddress": "bashundhora,dhaka",
        "city": "dhaka",
        "phone": "01787092919"
    },
    {
        "name": "yeamin hossain",
        "e-mail": "faruk.adnan1998@gmail.com",
        "username": "yeamin",
        "password": "@12345678",
        "gender": "Male",
        "peraddress": "bangladesh",
        "paddress": "bashundhora,dhaka",
        "city": "cumilla",
        "phone": "01632840649"
    },
    {
        "name": "adnan faruk",
        "e-mail": "faruk.adnan1998@gmail.com",
        "username": "faruk",
        "password": "@12345678",
        "gender": "Male",
        "peraddress": "bangladesh",
        "paddress": "bashundhora,dhaka",
        "city": "dhaka",
        "phone": "01632840649"
    },
    {
        "name": "yeamin hossain",
        "e-mail": "faruk.adnan1998@gmail.com",
        "username": "yeamin",
        "password": "@12345678",
        "gender": "Male",
        "peraddress": "bangladesh",
        "paddress": "bashundhora,dhaka",
        "city": "dhaka",
        "phone": "01632840649"
    },
    {
        "name": "bill jo",
        "e-mail": "biil1199@gmail.com",
        "username": "bill",
        "password": "@12345679",
        "gender": "Male",
        "peraddress": "delli",
        "paddress": "uttara",
        "city": "mymensingh",
        "phone": "01787092919"
    }
]